{
    "name": "root",
    "gauges": {
        "MyAgent.Policy.Entropy.mean": {
            "value": 1.4384472370147705,
            "min": 1.4189382791519165,
            "max": 1.4384472370147705,
            "count": 75
        },
        "MyAgent.Policy.Entropy.sum": {
            "value": 2876.89453125,
            "min": 2837.87646484375,
            "max": 2944.5673828125,
            "count": 75
        },
        "MyAgent.Step.mean": {
            "value": 149975.0,
            "min": 1920.0,
            "max": 149975.0,
            "count": 75
        },
        "MyAgent.Step.sum": {
            "value": 149975.0,
            "min": 1920.0,
            "max": 149975.0,
            "count": 75
        },
        "MyAgent.Policy.ExtrinsicValueEstimate.mean": {
            "value": -0.5324831008911133,
            "min": -0.8190293312072754,
            "max": 1.3948712348937988,
            "count": 75
        },
        "MyAgent.Policy.ExtrinsicValueEstimate.sum": {
            "value": -8.519729614257812,
            "min": -13.104469299316406,
            "max": 20.92306900024414,
            "count": 75
        },
        "MyAgent.Policy.CuriosityValueEstimate.mean": {
            "value": 0.496296226978302,
            "min": -0.8088036179542542,
            "max": 21.387056350708008,
            "count": 75
        },
        "MyAgent.Policy.CuriosityValueEstimate.sum": {
            "value": 7.940739631652832,
            "min": -12.132054328918457,
            "max": 363.5799560546875,
            "count": 75
        },
        "MyAgent.Environment.EpisodeLength.mean": {
            "value": 1999.0,
            "min": 111.0,
            "max": 1999.0,
            "count": 75
        },
        "MyAgent.Environment.EpisodeLength.sum": {
            "value": 1999.0,
            "min": 111.0,
            "max": 2069.0,
            "count": 75
        },
        "MyAgent.IsTraining.mean": {
            "value": 1.0,
            "min": 1.0,
            "max": 1.0,
            "count": 75
        },
        "MyAgent.IsTraining.sum": {
            "value": 1.0,
            "min": 1.0,
            "max": 1.0,
            "count": 75
        },
        "MyAgent.Environment.CumulativeReward.mean": {
            "value": -9.999999731779099,
            "min": -9.999999731779099,
            "max": -4.674999818205833,
            "count": 74
        },
        "MyAgent.Environment.CumulativeReward.sum": {
            "value": -9.999999731779099,
            "min": -9.999999731779099,
            "max": -9.349999636411667,
            "count": 74
        },
        "MyAgent.Policy.ExtrinsicReward.mean": {
            "value": -9.999999731779099,
            "min": -9.999999731779099,
            "max": -4.674999818205833,
            "count": 74
        },
        "MyAgent.Policy.ExtrinsicReward.sum": {
            "value": -9.999999731779099,
            "min": -9.999999731779099,
            "max": -9.349999636411667,
            "count": 74
        },
        "MyAgent.Policy.CuriosityReward.mean": {
            "value": 4.269367530941963,
            "min": 0.0,
            "max": 1154.4626441001892,
            "count": 74
        },
        "MyAgent.Policy.CuriosityReward.sum": {
            "value": 4.269367530941963,
            "min": 0.0,
            "max": 1154.4626441001892,
            "count": 74
        },
        "MyAgent.Losses.PolicyLoss.mean": {
            "value": 0.08658369329835598,
            "min": 0.049196300096809864,
            "max": 0.0974539144275089,
            "count": 70
        },
        "MyAgent.Losses.PolicyLoss.sum": {
            "value": 0.08658369329835598,
            "min": 0.049196300096809864,
            "max": 0.0974539144275089,
            "count": 70
        },
        "MyAgent.Losses.ValueLoss.mean": {
            "value": 0.0020352070932858624,
            "min": 0.0020352070932858624,
            "max": 7.941091492772102,
            "count": 70
        },
        "MyAgent.Losses.ValueLoss.sum": {
            "value": 0.0020352070932858624,
            "min": 0.0020352070932858624,
            "max": 7.941091492772102,
            "count": 70
        },
        "MyAgent.Policy.LearningRate.mean": {
            "value": 2.610099130000012e-06,
            "min": 2.610099130000012e-06,
            "max": 0.0002957440014186666,
            "count": 70
        },
        "MyAgent.Policy.LearningRate.sum": {
            "value": 2.610099130000012e-06,
            "min": 2.610099130000012e-06,
            "max": 0.0002957440014186666,
            "count": 70
        },
        "MyAgent.Policy.Epsilon.mean": {
            "value": 0.10087000000000002,
            "min": 0.10087000000000002,
            "max": 0.1985813333333333,
            "count": 70
        },
        "MyAgent.Policy.Epsilon.sum": {
            "value": 0.10087000000000002,
            "min": 0.10087000000000002,
            "max": 0.1985813333333333,
            "count": 70
        },
        "MyAgent.Policy.Beta.mean": {
            "value": 9.691300000000043e-05,
            "min": 9.691300000000043e-05,
            "max": 0.0098582752,
            "count": 70
        },
        "MyAgent.Policy.Beta.sum": {
            "value": 9.691300000000043e-05,
            "min": 9.691300000000043e-05,
            "max": 0.0098582752,
            "count": 70
        },
        "MyAgent.Losses.CuriosityForwardLoss.mean": {
            "value": 0.09628253880267341,
            "min": 0.07267968884358804,
            "max": 63.88452019294103,
            "count": 70
        },
        "MyAgent.Losses.CuriosityForwardLoss.sum": {
            "value": 0.09628253880267341,
            "min": 0.07267968884358804,
            "max": 63.88452019294103,
            "count": 70
        },
        "MyAgent.Losses.CuriosityInverseLoss.mean": {
            "value": 1.734961320956548,
            "min": 1.5742910380164783,
            "max": 2.227045295139154,
            "count": 70
        },
        "MyAgent.Losses.CuriosityInverseLoss.sum": {
            "value": 1.734961320956548,
            "min": 1.5742910380164783,
            "max": 2.227045295139154,
            "count": 70
        }
    },
    "metadata": {
        "timer_format_version": "0.1.0",
        "start_time_seconds": "1716902066",
        "python_version": "3.9.18 (main, Sep 11 2023, 14:09:26) [MSC v.1916 64 bit (AMD64)]",
        "command_line_arguments": "C:\\ProgramData\\anaconda3\\envs\\MachineLearning\\Scripts\\mlagents-learn config/MyAgent.yaml --run-id=ArnoOpenTraining1 --force",
        "mlagents_version": "0.30.0",
        "mlagents_envs_version": "0.30.0",
        "communication_protocol_version": "1.5.0",
        "pytorch_version": "1.7.1+cu110",
        "numpy_version": "1.21.2",
        "end_time_seconds": "1716903499"
    },
    "total": 1432.4004627,
    "count": 1,
    "self": 0.010491299999785042,
    "children": {
        "run_training.setup": {
            "total": 0.09291190000000005,
            "count": 1,
            "self": 0.09291190000000005
        },
        "TrainerController.start_learning": {
            "total": 1432.2970595000002,
            "count": 1,
            "self": 3.3540667999882317,
            "children": {
                "TrainerController._reset_env": {
                    "total": 7.275239899999999,
                    "count": 1,
                    "self": 7.275239899999999
                },
                "TrainerController.advance": {
                    "total": 1421.5228951000117,
                    "count": 150120,
                    "self": 3.0650657000207957,
                    "children": {
                        "env_step": {
                            "total": 1288.7118041000053,
                            "count": 150120,
                            "self": 995.7754722000516,