{
    "name": "root",
    "gauges": {
        "MyAgent.Policy.Entropy.mean": {
            "value": 1.4194912910461426,
            "min": 1.4194912910461426,
            "max": 1.4194912910461426,
            "count": 1
        },
        "MyAgent.Policy.Entropy.sum": {
            "value": 2942.60546875,
            "min": 2942.60546875,
            "max": 2942.60546875,
            "count": 1
        },
        "MyAgent.Step.mean": {
            "value": 1984.0,
            "min": 1984.0,
            "max": 1984.0,
            "count": 1
        },
        "MyAgent.Step.sum": {
            "value": 1984.0,
            "min": 1984.0,
            "max": 1984.0,
            "count": 1
        },
        "MyAgent.Policy.ExtrinsicValueEstimate.mean": {
            "value": -0.9011897444725037,
            "min": -0.9011897444725037,
            "max": -0.9011897444725037,
            "count": 1
        },
        "MyAgent.Policy.ExtrinsicValueEstimate.sum": {
            "value": -27.93688201904297,
            "min": -27.93688201904297,
            "max": -27.93688201904297,
            "count": 1
        },
        "MyAgent.Losses.PolicyLoss.mean": {
            "value": 0.23566059370264325,
            "min": 0.23566059370264325,
            "max": 0.23566059370264325,
            "count": 1
        },
        "MyAgent.Losses.PolicyLoss.sum": {
            "value": 3.5349089055396488,
            "min": 3.5349089055396488,
            "max": 3.5349089055396488,
            "count": 1
        },
        "MyAgent.Losses.ValueLoss.mean": {
            "value": 0.00881065031808922,
            "min": 0.00881065031808922,
            "max": 0.00881065031808922,
            "count": 1
        },
        "MyAgent.Losses.ValueLoss.sum": {
            "value": 0.1321597547713383,
            "min": 0.1321597547713383,
            "max": 0.1321597547713383,
            "count": 1
        },
        "MyAgent.Policy.LearningRate.mean": {
            "value": 0.00029969280010239997,
            "min": 0.00029969280010239997,
            "max": 0.00029969280010239997,
            "count": 1
        },
        "MyAgent.Policy.LearningRate.sum": {
            "value": 0.004495392001536,
            "min": 0.004495392001536,
            "max": 0.004495392001536,
            "count": 1
        },
        "MyAgent.Policy.Epsilon.mean": {
            "value": 0.1998976,
            "min": 0.1998976,
            "max": 0.1998976,
            "count": 1
        },
        "MyAgent.Policy.Epsilon.sum": {
            "value": 2.9984640000000002,
            "min": 2.9984640000000002,
            "max": 2.9984640000000002,
            "count": 1
        },
        "MyAgent.Policy.Beta.mean": {
            "value": 0.0005000000000000002,
            "min": 0.0005000000000000002,
            "max": 0.0005000000000000002,
            "count": 1
        },
        "MyAgent.Policy.Beta.sum": {
            "value": 0.007500000000000003,
            "min": 0.007500000000000003,
            "max": 0.007500000000000003,
            "count": 1
        },
        "MyAgent.IsTraining.mean": {
            "value": 1.0,
            "min": 1.0,
            "max": 1.0,
            "count": 1
        },
        "MyAgent.IsTraining.sum": {
            "value": 1.0,
            "min": 1.0,
            "max": 1.0,
            "count": 1
        }
    },
    "metadata": {
        "timer_format_version": "0.1.0",
        "start_time_seconds": "1715691325",
        "python_version": "3.9.19 (main, Mar 21 2024, 17:21:27) [MSC v.1916 64 bit (AMD64)]",
        "command_line_arguments": "C:\\Users\\woutd\\anaconda3\\envs\\vr-ml\\Scripts\\mlagents-learn config/MyAgent.yaml --run-id=4detraining --force",
        "mlagents_version": "0.30.0",
        "mlagents_envs_version": "0.30.0",
        "communication_protocol_version": "1.5.0",
        "pytorch_version": "1.7.1+cu110",
        "numpy_version": "1.21.2",
        "end_time_seconds": "1715691388"
    },
    "total": 62.678222,
    "count": 1,
    "self": 10.007670599999997,
    "children": {
        "run_training.setup": {
            "total": 0.07003479999999995,
            "count": 1,
            "self": 0.07003479999999995
        },
        "TrainerController.start_learning": {
            "total": 52.6005166,
            "count": 1,
            "self": 0.07505390000002876,
            "children": {
                "TrainerController._reset_env": {
                    "total": 5.9713155,
                    "count": 1,
                    "self": 5.9713155
                },
                "TrainerController.advance": {
                    "total": 46.42948429999997,
                    "count": 3357,
                    "self": 0.06986320000028456,
                    "children": {
                        "env_step": {
                            "total": 39.767088999999785,
                            "count": 3357,
                            "self": 34.291459899999566,
                            "children": {
                                "SubprocessEnvManager._take_step": {
                                    "total": 5.428232899999931,
                                    "count": 3358,
                                    "self": 0.1937268999998807,
                                    "children": {
                                        "TorchPolicy.evaluate": {
                                            "total": 5.23450600000005,
                                            "count": 3358,
                                            "self": 5.23450600000005
                                        }
                                    }
                                },
                                "workers": {
                                    "total": 0.047396200000287436,
                                    "count": 3356,
                                    "self": 0.0,
                                    "children": {
                                        "worker_root": {
                                            "total": 37.119214900000074,
                                            "count": 3356,
                                            "is_parallel": true,
                                            "self": 15.534519800000083,
                                            "children": {
                                                "steps_from_proto": {
                                                    "total": 0.0009253999999998541,
                                                    "count": 2,
                                                    "is_parallel": true,
                                                    "self": 0.00042790000000092476,
                                                    "children": {
                                                        "_process_rank_one_or_two_observation": {
                                                            "total": 0.0004974999999989294,
                                                            "count": 8,
                                                            "is_parallel": true,
                                                            "self": 0.0004974999999989294
                                                        }
                                                    }
                                                },
                                                "UnityEnvironment.step": {
                                                    "total": 21.58376969999999,
                                                    "count": 3356,
                                                    "is_parallel": true,
                                                    "self": 0.27053270000005725,