{
    "name": "root",
    "gauges": {
        "MyAgent.Policy.Entropy.mean": {
            "value": 1.4186627864837646,
            "min": 1.402675986289978,
            "max": 1.4236944913864136,
            "count": 8
        },
        "MyAgent.Policy.Entropy.sum": {
            "value": 2814.626953125,
            "min": 2783.51611328125,
            "max": 2900.067138671875,
            "count": 8
        },
        "MyAgent.Step.mean": {
            "value": 15936.0,
            "min": 1984.0,
            "max": 15936.0,
            "count": 8
        },
        "MyAgent.Step.sum": {
            "value": 15936.0,
            "min": 1984.0,
            "max": 15936.0,
            "count": 8
        },
        "MyAgent.Policy.ExtrinsicValueEstimate.mean": {
            "value": -0.5489426851272583,
            "min": -1.6804343461990356,
            "max": -0.31989067792892456,
            "count": 8
        },
        "MyAgent.Policy.ExtrinsicValueEstimate.sum": {
            "value": -17.017223358154297,
            "min": -52.09346389770508,
            "max": -9.916610717773438,
            "count": 8
        },
        "MyAgent.Losses.PolicyLoss.mean": {
            "value": 0.247331465810809,
            "min": 0.24015466873424884,
            "max": 0.2576265297090921,
            "count": 8
        },
        "MyAgent.Losses.PolicyLoss.sum": {
            "value": 3.709971987162135,
            "min": 3.709971987162135,
            "max": 4.0751193935413745,
            "count": 8
        },
        "MyAgent.Losses.ValueLoss.mean": {
            "value": 0.001571362605778227,
            "min": 0.000153220771923183,
            "max": 0.03620592650948782,
            "count": 8
        },
        "MyAgent.Losses.ValueLoss.sum": {
            "value": 0.023570439086673407,
            "min": 0.002451532350770928,
            "max": 0.5430888976423173,
            "count": 8
        },
        "MyAgent.Policy.LearningRate.mean": {
            "value": 0.0002955072014976,
            "min": 0.0002955072014976,
            "max": 0.00029969280010239997,
            "count": 8
        },
        "MyAgent.Policy.LearningRate.sum": {
            "value": 0.004432608022464,
            "min": 0.004432608022464,
            "max": 0.0047855616048127995,
            "count": 8
        },
        "MyAgent.Policy.Epsilon.mean": {
            "value": 0.19850240000000002,
            "min": 0.19850240000000002,
            "max": 0.1998976,
            "count": 8
        },
        "MyAgent.Policy.Epsilon.sum": {
            "value": 2.977536,
            "min": 2.977536,
            "max": 3.1951872000000003,
            "count": 8
        },
        "MyAgent.Policy.Beta.mean": {
            "value": 0.0005000000000000002,
            "min": 0.0005,
            "max": 0.0005000000000000002,
            "count": 8
        },
        "MyAgent.Policy.Beta.sum": {
            "value": 0.007500000000000003,
            "min": 0.007500000000000003,
            "max": 0.008,
            "count": 8
        },
        "MyAgent.IsTraining.mean": {
            "value": 1.0,
            "min": 1.0,
            "max": 1.0,
            "count": 8
        },
        "MyAgent.IsTraining.sum": {
            "value": 1.0,
            "min": 1.0,
            "max": 1.0,
            "count": 8
        }
    },
    "metadata": {
        "timer_format_version": "0.1.0",
        "start_time_seconds": "1715691409",
        "python_version": "3.9.19 (main, Mar 21 2024, 17:21:27) [MSC v.1916 64 bit (AMD64)]",
        "command_line_arguments": "C:\\Users\\woutd\\anaconda3\\envs\\vr-ml\\Scripts\\mlagents-learn config/MyAgent.yaml --run-id=4detraining --force",
        "mlagents_version": "0.30.0",
        "mlagents_envs_version": "0.30.0",
        "communication_protocol_version": "1.5.0",
        "pytorch_version": "1.7.1+cu110",
        "numpy_version": "1.21.2",
        "end_time_seconds": "1715691671"
    },
    "total": 262.1826368,
    "count": 1,
    "self": 0.005072300000051655,
    "children": {
        "run_training.setup": {
            "total": 0.09644279999999994,
            "count": 1,
            "self": 0.09644279999999994
        },
        "TrainerController.start_learning": {
            "total": 262.0811217,
            "count": 1,
            "self": 0.39606449999917004,
            "children": {
                "TrainerController._reset_env": {
                    "total": 8.4964011,
                    "count": 1,
                    "self": 8.4964011
                },
                "TrainerController.advance": {
                    "total": 253.0401854000008,
                    "count": 17397,
                    "self": 0.35049989999859577,
                    "children": {
                        "env_step": {
                            "total": 216.67745910000053,
                            "count": 17397,
                            "self": 187.59527790000064,
                            "children": {
                                "SubprocessEnvManager._take_step": {
                                    "total": 28.8280083999992,
                                    "count": 17398,
                                    "self": 1.049084599998963,
                                    "children": {
                                        "TorchPolicy.evaluate": {
                                            "total": 27.778923800000236,
                                            "count": 17398,
                                            "self": 27.778923800000236
                                        }
                                    }
                                },
                                "workers": {
                                    "total": 0.2541728000006884,
                                    "count": 17396,
                                    "self": 0.0,
                                    "children": {
                                        "worker_root": {
                                            "total": 187.88527750000085,
                                            "count": 17396,
                                            "is_parallel": true,
                                            "self": 83.6509152000003,
                                            "children": {
                                                "steps_from_proto": {
                                                    "total": 0.0007770000000011379,
                                                    "count": 2,
                                                    "is_parallel": true,
                                                    "self": 0.0003480000000015693,
                                                    "children": {
                                                        "_process_rank_one_or_two_observation": {
                                                            "total": 0.0004289999999995686,
                                                            "count": 8,
                                                            "is_parallel": true,
                                                            "self": 0.0004289999999995686
                                                        }
                                                    }
                                                },
                                                "UnityEnvironment.step": {
                                                    "total": 104.23358530000056,
                                                    "count": 17396,
                                                    "is_parallel": true,
                                                    "self": 1.4502988000013062,
                                                    "children": {
                                                        "UnityEnvironment._generate_step_input": {
                                                            "total": 1.2451284999999683,