{
    "name": "root",
    "gauges": {
        "MyAgent.Policy.Entropy.mean": {
            "value": 1.370159387588501,
            "min": 1.351892113685608,
            "max": 1.4115324020385742,
            "count": 50
        },
        "MyAgent.Policy.Entropy.sum": {
            "value": 2740.31884765625,
            "min": 2679.737548828125,
            "max": 2823.064697265625,
            "count": 50
        },
        "MyAgent.Step.mean": {
            "value": 99958.0,
            "min": 1984.0,
            "max": 99958.0,
            "count": 50
        },
        "MyAgent.Step.sum": {
            "value": 99958.0,
            "min": 1984.0,
            "max": 99958.0,
            "count": 50
        },
        "MyAgent.Policy.ExtrinsicValueEstimate.mean": {
            "value": -0.02641121670603752,
            "min": -1.257369041442871,
            "max": 0.3450179994106293,
            "count": 50
        },
        "MyAgent.Policy.ExtrinsicValueEstimate.sum": {
            "value": -0.8451589345932007,
            "min": -40.235809326171875,
            "max": 11.040575981140137,
            "count": 50
        },
        "MyAgent.Losses.PolicyLoss.mean": {
            "value": 0.25237177728205196,
            "min": 0.22451342134065086,
            "max": 0.2642693961986966,
            "count": 50
        },
        "MyAgent.Losses.PolicyLoss.sum": {
            "value": 4.037948436512831,
            "min": 3.367701320109763,
            "max": 4.228310339179146,
            "count": 50
        },
        "MyAgent.Losses.ValueLoss.mean": {
            "value": 0.012174755227086222,
            "min": 3.6702473116073874e-05,
            "max": 0.03446106413326854,
            "count": 50
        },
        "MyAgent.Losses.ValueLoss.sum": {
            "value": 0.19479608363337955,
            "min": 0.0005505370967411081,
            "max": 0.5513770261322967,
            "count": 50
        },
        "MyAgent.Policy.LearningRate.mean": {
            "value": 3.0480989840000002e-06,
            "min": 3.0480989840000002e-06,
            "max": 0.00029692800102399996,
            "count": 50
        },
        "MyAgent.Policy.LearningRate.sum": {
            "value": 4.8769583744000003e-05,
            "min": 4.8769583744000003e-05,
            "max": 0.0046548480483839996,
            "count": 50
        },
        "MyAgent.Policy.Epsilon.mean": {
            "value": 0.10101600000000001,
            "min": 0.10101600000000001,
            "max": 0.19897600000000001,
            "count": 50
        },
        "MyAgent.Policy.Epsilon.sum": {
            "value": 1.6162560000000001,
            "min": 1.5452380000000001,
            "max": 3.151616,
            "count": 50
        },
        "MyAgent.Policy.Beta.mean": {
            "value": 0.0005,
            "min": 0.0005,
            "max": 0.0005000000000000002,
            "count": 50
        },
        "MyAgent.Policy.Beta.sum": {
            "value": 0.008,
            "min": 0.007500000000000003,
            "max": 0.008,
            "count": 50
        },
        "MyAgent.Environment.EpisodeLength.mean": {
            "value": 1999.0,
            "min": 81.0,
            "max": 1999.0,
            "count": 50
        },
        "MyAgent.Environment.EpisodeLength.sum": {
            "value": 1999.0,
            "min": 81.0,
            "max": 3101.0,
            "count": 50
        },
        "MyAgent.IsTraining.mean": {
            "value": 1.0,
            "min": 1.0,
            "max": 1.0,
            "count": 50
        },
        "MyAgent.IsTraining.sum": {
            "value": 1.0,
            "min": 1.0,
            "max": 1.0,
            "count": 50
        },
        "MyAgent.Environment.CumulativeReward.mean": {
            "value": -9.999998852610588,
            "min": -9.999998852610588,
            "max": -1.8799996674060822,
            "count": 49
        },
        "MyAgent.Environment.CumulativeReward.sum": {
            "value": -9.999998852610588,
            "min": -14.509998217225075,
            "max": -5.6399990022182465,
            "count": 49
        },
        "MyAgent.Policy.ExtrinsicReward.mean": {
            "value": -9.999998852610588,
            "min": -9.999998852610588,
            "max": -1.8799996674060822,
            "count": 49
        },
        "MyAgent.Policy.ExtrinsicReward.sum": {
            "value": -9.999998852610588,
            "min": -14.509998217225075,
            "max": -5.6399990022182465,
            "count": 49
        }
    },
    "metadata": {
        "timer_format_version": "0.1.0",
        "start_time_seconds": "1718474559",
        "python_version": "3.9.19 (main, Mar 21 2024, 17:21:27) [MSC v.1916 64 bit (AMD64)]",
        "command_line_arguments": "C:\\Users\\woutd\\anaconda3\\envs\\vr-ml\\Scripts\\mlagents-learn config/MyAgent.yaml --run-id=woutTraining31 --force",
        "mlagents_version": "0.30.0",
        "mlagents_envs_version": "0.30.0",
        "communication_protocol_version": "1.5.0",
        "pytorch_version": "1.7.1+cu110",
        "numpy_version": "1.21.2",
        "end_time_seconds": "1718475729"
    },
    "total": 1169.6914577,
    "count": 1,
    "self": 0.01774699999987206,
    "children": {
        "run_training.setup": {
            "total": 0.07065480000000002,
            "count": 1,
            "self": 0.07065480000000002
        },
        "TrainerController.start_learning": {
            "total": 1169.6030559,
            "count": 1,
            "self": 2.4002512999927603,
            "children": {
                "TrainerController._reset_env": {
                    "total": 6.1439332,
                    "count": 1,
                    "self": 6.1439332
                },
                "TrainerController.advance": {
                    "total": 1160.9786307000074,
                    "count": 100075,
                    "self": 2.242418999993106,
                    "children": {
                        "env_step": {
                            "total": 1004.4747946000086,
                            "count": 100075,
                            "self": 906.676450700035,
                            "children": {
                                "SubprocessEnvManager._take_step": {
                                    "total": 96.33743159999023,
                                    "count": 100075,
                                    "self": 7.199760799997563,
                                    "children": {
                                        "TorchPolicy.evaluate": {
                                            "total": 89.13767079999266,
                                            "count": 100022,
                                            "self": 89.13767079999266
                                        }
                                    }
                                },
                                "workers": {
                                    "total": 1.4609122999833364,
                                    "count": 100075,
                                    "self": 0.0,
                                    "children": {
                                        "worker_root": {
                                            "total": 1159.693688399996,
                                            "count": 100075,
                                            "is_parallel": true,
                                            "self": 361.90880339998205,
                                            "children": {
                                                "steps_from_proto": {
                                                    "total": 0.0002693000000002499,
                                                    "count": 1,
                                                    "is_parallel": true,
                                                    "self": 7.610000000024542e-05,