{
    "name": "root",
    "gauges": {
        "MyAgent.Policy.Entropy.mean": {
            "value": 1.347406268119812,
            "min": 1.3470107316970825,
            "max": 1.4165629148483276,
            "count": 50
        },
        "MyAgent.Policy.Entropy.sum": {
            "value": 2694.8125,
            "min": 2680.2421875,
            "max": 2840.6328125,
            "count": 50
        },
        "MyAgent.Step.mean": {
            "value": 99974.0,
            "min": 1942.0,
            "max": 99974.0,
            "count": 50
        },
        "MyAgent.Step.sum": {
            "value": 99974.0,
            "min": 1942.0,
            "max": 99974.0,
            "count": 50
        },
        "MyAgent.Policy.ExtrinsicValueEstimate.mean": {
            "value": -0.42813560366630554,
            "min": -0.6723852157592773,
            "max": 0.7242541313171387,
            "count": 50
        },
        "MyAgent.Policy.ExtrinsicValueEstimate.sum": {
            "value": -13.700339317321777,
            "min": -22.188711166381836,
            "max": 23.176132202148438,
            "count": 50
        },
        "MyAgent.Losses.PolicyLoss.mean": {
            "value": 0.25620645054518404,
            "min": 0.2175065382172877,
            "max": 0.25882560854402575,
            "count": 50
        },
        "MyAgent.Losses.PolicyLoss.sum": {
            "value": 3.8430967581777606,
            "min": 3.262598073259315,
            "max": 4.141209736704412,
            "count": 50
        },
        "MyAgent.Losses.ValueLoss.mean": {
            "value": 0.0008927854353969838,
            "min": 5.676784112070649e-05,
            "max": 0.03993003670880821,
            "count": 50
        },
        "MyAgent.Losses.ValueLoss.sum": {
            "value": 0.013391781530954756,
            "min": 0.0009082854579313039,
            "max": 0.6388805873409313,
            "count": 50
        },
        "MyAgent.Policy.LearningRate.mean": {
            "value": 2.9836990054666686e-06,
            "min": 2.9836990054666686e-06,
            "max": 0.00029696080101306667,
            "count": 50
        },
        "MyAgent.Policy.LearningRate.sum": {
            "value": 4.475548508200003e-05,
            "min": 4.475548508200003e-05,
            "max": 0.004657488047504,
            "count": 50
        },
        "MyAgent.Policy.Epsilon.mean": {
            "value": 0.10099453333333334,
            "min": 0.10099453333333334,
            "max": 0.19898693333333334,
            "count": 50
        },
        "MyAgent.Policy.Epsilon.sum": {
            "value": 1.5149180000000002,
            "min": 1.5149180000000002,
            "max": 3.152496,
            "count": 50
        },
        "MyAgent.Policy.Beta.mean": {
            "value": 0.0005000000000000002,
            "min": 0.0005,
            "max": 0.0005000000000000002,
            "count": 50
        },
        "MyAgent.Policy.Beta.sum": {
            "value": 0.007500000000000003,
            "min": 0.007500000000000003,
            "max": 0.008,
            "count": 50
        },
        "MyAgent.Environment.EpisodeLength.mean": {
            "value": 1999.0,
            "min": 172.11111111111111,
            "max": 1999.0,
            "count": 50
        },
        "MyAgent.Environment.EpisodeLength.sum": {
            "value": 1999.0,
            "min": 263.0,
            "max": 2648.0,
            "count": 50
        },
        "MyAgent.Environment.CumulativeReward.mean": {
            "value": -9.999998852610588,
            "min": -9.999998852610588,
            "max": 0.1394445432557,
            "count": 50
        },
        "MyAgent.Environment.CumulativeReward.sum": {
            "value": -9.999998852610588,
            "min": -12.244998499751091,
            "max": 1.2550008893013,
            "count": 50
        },
        "MyAgent.Policy.ExtrinsicReward.mean": {
            "value": -9.999998852610588,
            "min": -9.999998852610588,
            "max": 0.1394445432557,
            "count": 50
        },
        "MyAgent.Policy.ExtrinsicReward.sum": {
            "value": -9.999998852610588,
            "min": -12.244998499751091,
            "max": 1.2550008893013,
            "count": 50
        },
        "MyAgent.IsTraining.mean": {
            "value": 1.0,
            "min": 1.0,
            "max": 1.0,
            "count": 50
        },
        "MyAgent.IsTraining.sum": {
            "value": 1.0,
            "min": 1.0,
            "max": 1.0,
            "count": 50
        }
    },
    "metadata": {
        "timer_format_version": "0.1.0",
        "start_time_seconds": "1718532830",
        "python_version": "3.9.19 (main, Mar 21 2024, 17:21:27) [MSC v.1916 64 bit (AMD64)]",
        "command_line_arguments": "C:\\Users\\woutd\\anaconda3\\envs\\vr-ml\\Scripts\\mlagents-learn config/MyAgent.yaml --run-id=woutTraining34 --force",
        "mlagents_version": "0.30.0",
        "mlagents_envs_version": "0.30.0",
        "communication_protocol_version": "1.5.0",
        "pytorch_version": "1.7.1+cu110",
        "numpy_version": "1.21.2",
        "end_time_seconds": "1718534196"
    },
    "total": 1365.6289866,
    "count": 1,
    "self": 0.007520999999997002,
    "children": {
        "run_training.setup": {
            "total": 0.06830940000000008,
            "count": 1,
            "self": 0.06830940000000008
        },
        "TrainerController.start_learning": {
            "total": 1365.5531561999999,
            "count": 1,
            "self": 2.1629355999987183,
            "children": {
                "TrainerController._reset_env": {
                    "total": 20.5791133,
                    "count": 1,
                    "self": 20.5791133
                },
                "TrainerController.advance": {
                    "total": 1342.7324943000015,
                    "count": 100117,
                    "self": 2.055105699992282,
                    "children": {
                        "env_step": {
                            "total": 1199.5050937000026,
                            "count": 100117,
                            "self": 1110.8222270999822,
                            "children": {
                                "SubprocessEnvManager._take_step": {
                                    "total": 87.37439800001052,
                                    "count": 100117,
                                    "self": 6.644851299999885,
                                    "children": {
                                        "TorchPolicy.evaluate": {
                                            "total": 80.72954670001063,
                                            "count": 100038,
                                            "self": 80.72954670001063
                                        }
                                    }
                                },
                                "workers": {
                                    "total": 1.308468600009867,
                                    "count": 100117,
                                    "self": 0.0,
                                    "children": {
                                        "worker_root": {
                                            "total": 1341.4684093999972,
                                            "count": 100117,
                                            "is_parallel": true,
                                            "self": 330.17988660000105,
                                            "children": {
                                                "steps_from_proto": {
                                                    "total": 0.00047580000000024825,
                                                    "count": 1,
                                                    "is_parallel": true,
                                                    "self": 0.00015149999999763963,