{"count":1,"self":605.6647168,"total":1301.7683233999999,"children":{"InitializeActuators":{"count":1,"self":0.00050329999999999993,"total":0.00050329999999999993,"children":null},"InitializeSensors":{"count":1,"self":0.0029996,"total":0.0029996,"children":null},"AgentSendState":{"count":500317,"self":22.571216,"total":27.199570899999998,"children":{"CollectObservations":{"count":100064,"self":0.3531605,"total":0.3531605,"children":null},"WriteActionMask":{"count":100064,"self":0.1260806,"total":0.1260806,"children":null},"RequestDecision":{"count":100064,"self":0.7292695,"total":4.1491136,"children":{"AgentInfo.ToProto":{"count":100064,"self":0.7594131,"total":3.4198440999999997,"children":{"GenerateSensorData":{"count":100064,"self":2.1095536,"total":2.660431,"children":{"RayPerceptionSensor.Perceive":{"count":100064,"self":0.5508773,"total":0.5508773,"children":null}}}}}}}}},"DecideAction":{"count":500317,"self":662.96596479999994,"total":662.965958,"children":null},"AgentAct":{"count":500317,"self":5.9268868,"total":5.9298041999999995,"children":{"AgentInfo.ToProto":{"count":43,"self":0,"total":0.0029173999999999997,"children":{"GenerateSensorData":{"count":43,"self":0.0029173999999999997,"total":0.0029173999999999997,"children":{"RayPerceptionSensor.Perceive":{"count":43,"self":0,"total":0,"children":null}}}}}}},"AgentInfo.ToProto":{"count":65,"self":0.0015134999999999999,"total":0.0047945,"children":{"GenerateSensorData":{"count":65,"self":0.0022813,"total":0.003281,"children":{"RayPerceptionSensor.Perceive":{"count":65,"self":0.00099969999999999985,"total":0.00099969999999999985,"children":null}}}}}},"gauges":{"MyAgent.CumulativeReward":{"count":108,"max":0.95,"min":-10.0051813,"runningAverage":-4.0127635,"value":-10.0001812,"weightedAverage":-7.788986}},"metadata":{"timer_format_version":"0.1.0","start_time_seconds":"1718545469","unity_version":"2022.3.15f1","command_line_arguments":"C:\\Program Files\\Unity\\Hub\\Editor\\2022.3.15f1\\Editor\\Unity.exe -projectpath C:\\Users\\woutd\\OneDrive\\Bureaublad\\vr project\\VR-experience-project -useHub -hubIPC -cloudEnvironment production -licensingIpc LicenseClient-woutd -hubSessionId 70a7e928-9098-4df8-ad55-1248813355c5 -accessToken 32VFqh4YyW5XBJGhwOH4bBw9ioezV2I5b7W4jVWQXfQ012f","communication_protocol_version":"1.5.0","com.unity.ml-agents_version":"2.0.1","scene_name":"SampleScene","end_time_seconds":"1718546771"}}