{
    "name": "root",
    "metadata": {
        "timer_format_version": "0.1.0",
        "start_time_seconds": "1715693238",
        "python_version": "3.9.18 (main, Sep 11 2023, 14:09:26) [MSC v.1916 64 bit (AMD64)]",
        "command_line_arguments": "C:\\ProgramData\\anaconda3\\envs\\MachineLearning\\Scripts\\mlagents-learn config/MyAgent.yaml --run-id=ArnoTraining1 --force",
        "mlagents_version": "0.30.0",
        "mlagents_envs_version": "0.30.0",
        "communication_protocol_version": "1.5.0",
        "pytorch_version": "1.7.1+cu110",
        "numpy_version": "1.21.2",
        "end_time_seconds": "1715693300"
    },
    "total": 61.956163,
    "count": 1,
    "self": 0.011027500000004409,
    "children": {
        "run_training.setup": {
            "total": 0.12680010000000008,
            "count": 1,
            "self": 0.12680010000000008
        },
        "TrainerController.start_learning": {
            "total": 61.818335399999995,
            "count": 1,
            "self": 0.023420900000033384,
            "children": {
                "TrainerController._reset_env": {
                    "total": 10.4007649,
                    "count": 1,
                    "self": 10.4007649
                },
                "TrainerController.advance": {
                    "total": 51.280744799999965,
                    "count": 1024,
                    "self": 0.018830599999937192,
                    "children": {
                        "env_step": {
                            "total": 51.163625500000094,
                            "count": 1024,
                            "self": 48.169448500000044,
                            "children": {
                                "SubprocessEnvManager._take_step": {
                                    "total": 2.9818391000000037,
                                    "count": 1024,
                                    "self": 0.08431300000001407,
                                    "children": {
                                        "TorchPolicy.evaluate": {
                                            "total": 2.8975260999999897,
                                            "count": 1024,
                                            "self": 2.8975260999999897
                                        }
                                    }
                                },
                                "workers": {
                                    "total": 0.012337900000044755,
                                    "count": 1023,
                                    "self": 0.0,
                                    "children": {
                                        "worker_root": {
                                            "total": 13.143454700000023,
                                            "count": 1023,
                                            "is_parallel": true,
                                            "self": 5.482823999999987,
                                            "children": {
                                                "steps_from_proto": {
                                                    "total": 0.00027500000000024727,
                                                    "count": 1,
                                                    "is_parallel": true,
                                                    "self": 8.77000000016892e-05,
                                                    "children": {
                                                        "_process_rank_one_or_two_observation": {
                                                            "total": 0.00018729999999855806,
                                                            "count": 4,
                                                            "is_parallel": true,
                                                            "self": 0.00018729999999855806
                                                        }
                                                    }
                                                },
                                                "UnityEnvironment.step": {
                                                    "total": 7.660355700000036,
                                                    "count": 1023,
                                                    "is_parallel": true,
                                                    "self": 0.08246029999996729,
                                                    "children": {
                                                        "UnityEnvironment._generate_step_input": {
                                                            "total": 0.06623670000007031,
                                                            "count": 1023,
                                                            "is_parallel": true,
                                                            "self": 0.06623670000007031
                                                        },
                                                        "communicator.exchange": {
                                                            "total": 7.287584200000023,
                                                            "count": 1023,
                                                            "is_parallel": true,
                                                            "self": 7.287584200000023
                                                        },
                                                        "steps_from_proto": {
                                                            "total": 0.22407449999997553,
                                                            "count": 1023,
                                                            "is_parallel": true,
                                                            "self": 0.08167039999998948,
                                                            "children": {
                                                                "_process_rank_one_or_two_observation": {
                                                                    "total": 0.14240409999998604,
                                                                    "count": 4092,
                                                                    "is_parallel": true,
                                                                    "self": 0.14240409999998604
                                                                }
                                                            }
                                                        }
                                                    }
                                                }
                                            }
                                        }
                                    }
                                }
                            }
                        },
                        "trainer_advance": {
                            "total": 0.09828869999993195,
                            "count": 1023,
                            "self": 0.026480899999979712,
                            "children": {
                                "process_trajectory": {
                                    "total": 0.07180779999995224,
                                    "count": 1023,
                                    "self": 0.07180779999995224
                                }
                            }
                        }
                    }
                },
                "trainer_threads": {
                    "total": 1.0999999986438525e-06,
                    "count": 1,
                    "self": 1.0999999986438525e-06
                },
                "TrainerController._save_models": {
                    "total": 0.11340369999999922,
                    "count": 1,
                    "self": 0.013276699999998698,