{
    "name": "root",
    "gauges": {
        "MyAgent.Policy.Entropy.mean": {
            "value": 1.2513548135757446,
            "min": 1.2492172718048096,
            "max": 1.4221670627593994,
            "count": 31
        },
        "MyAgent.Policy.Entropy.sum": {
            "value": 2482.68798828125,
            "min": 2478.447021484375,
            "max": 2905.638671875,
            "count": 31
        },
        "MyAgent.Step.mean": {
            "value": 61983.0,
            "min": 1984.0,
            "max": 61983.0,
            "count": 31
        },
        "MyAgent.Step.sum": {
            "value": 61983.0,
            "min": 1984.0,
            "max": 61983.0,
            "count": 31
        },
        "MyAgent.Policy.ExtrinsicValueEstimate.mean": {
            "value": -5.155357837677002,
            "min": -5.845017910003662,
            "max": -2.1646335124969482,
            "count": 31
        },
        "MyAgent.Policy.ExtrinsicValueEstimate.sum": {
            "value": -159.8160858154297,
            "min": -187.0405731201172,
            "max": -67.1036376953125,
            "count": 31
        },
        "MyAgent.Losses.PolicyLoss.mean": {
            "value": 0.25223966722003544,
            "min": 0.2244878201445789,
            "max": 0.25979604862833283,
            "count": 31
        },
        "MyAgent.Losses.PolicyLoss.sum": {
            "value": 4.035834675520567,
            "min": 3.3673173021686837,
            "max": 4.156736778053325,
            "count": 31
        },
        "MyAgent.Losses.ValueLoss.mean": {
            "value": 0.0013347859694003241,
            "min": 0.00019185264506028766,
            "max": 0.2131341935499761,
            "count": 31
        },
        "MyAgent.Losses.ValueLoss.sum": {
            "value": 0.021356575510405186,
            "min": 0.0030696423209646026,
            "max": 3.1970129032496413,
            "count": 31
        },
        "MyAgent.Policy.LearningRate.mean": {
            "value": 0.0002816931061023,
            "min": 0.0002816931061023,
            "max": 0.00029969280010239997,
            "count": 31
        },
        "MyAgent.Policy.LearningRate.sum": {
            "value": 0.0045070896976368,
            "min": 0.0042435405854865,
            "max": 0.0047855616048127995,
            "count": 31
        },
        "MyAgent.Policy.Epsilon.mean": {
            "value": 0.1938977,
            "min": 0.1938977,
            "max": 0.1998976,
            "count": 31
        },
        "MyAgent.Policy.Epsilon.sum": {
            "value": 3.1023632,
            "min": 2.9145135,
            "max": 3.1951872000000003,
            "count": 31
        },
        "MyAgent.Policy.Beta.mean": {
            "value": 0.0005,
            "min": 0.0005,
            "max": 0.0005000000000000002,
            "count": 31
        },
        "MyAgent.Policy.Beta.sum": {
            "value": 0.008,
            "min": 0.007500000000000003,
            "max": 0.008,
            "count": 31
        },
        "MyAgent.IsTraining.mean": {
            "value": 1.0,
            "min": 1.0,
            "max": 1.0,
            "count": 31
        },
        "MyAgent.IsTraining.sum": {
            "value": 1.0,
            "min": 1.0,
            "max": 1.0,
            "count": 31
        },
        "MyAgent.Environment.EpisodeLength.mean": {
            "value": 30302.0,
            "min": 30302.0,
            "max": 30302.0,
            "count": 1
        },
        "MyAgent.Environment.EpisodeLength.sum": {
            "value": 30302.0,
            "min": 30302.0,
            "max": 30302.0,
            "count": 1
        },
        "MyAgent.Environment.CumulativeReward.mean": {
            "value": -1514.100135087967,
            "min": -1514.100135087967,
            "max": -1514.100135087967,
            "count": 1
        },
        "MyAgent.Environment.CumulativeReward.sum": {
            "value": -1514.100135087967,
            "min": -1514.100135087967,
            "max": -1514.100135087967,
            "count": 1
        },
        "MyAgent.Policy.ExtrinsicReward.mean": {
            "value": -1514.100135087967,
            "min": -1514.100135087967,
            "max": -1514.100135087967,
            "count": 1
        },
        "MyAgent.Policy.ExtrinsicReward.sum": {
            "value": -1514.100135087967,
            "min": -1514.100135087967,
            "max": -1514.100135087967,
            "count": 1
        }
    },
    "metadata": {
        "timer_format_version": "0.1.0",
        "start_time_seconds": "1715091569",
        "python_version": "3.9.19 (main, Mar 21 2024, 17:21:27) [MSC v.1916 64 bit (AMD64)]",
        "command_line_arguments": "C:\\Users\\woutd\\anaconda3\\envs\\vr-ml\\Scripts\\mlagents-learn config/MyAgent.yaml --run-id=TweedeTraining --force",
        "mlagents_version": "0.30.0",
        "mlagents_envs_version": "0.30.0",
        "communication_protocol_version": "1.5.0",
        "pytorch_version": "1.7.1+cu110",
        "numpy_version": "1.21.2",
        "end_time_seconds": "1715092248"
    },
    "total": 679.77369,
    "count": 1,
    "self": 0.008475099999941449,
    "children": {
        "run_training.setup": {
            "total": 0.07691680000000001,
            "count": 1,
            "self": 0.07691680000000001
        },
        "TrainerController.start_learning": {
            "total": 679.6882981,
            "count": 1,
            "self": 1.3822887999931481,
            "children": {
                "TrainerController._reset_env": {
                    "total": 7.380001,
                    "count": 1,
                    "self": 7.380001
                },
                "TrainerController.advance": {
                    "total": 670.7910504000067,
                    "count": 62174,
                    "self": 1.2672015000125612,
                    "children": {
                        "env_step": {
                            "total": 556.1878233000052,
                            "count": 62174,
                            "self": 459.7080786000015,
                            "children": {
                                "SubprocessEnvManager._take_step": {
                                    "total": 95.61539549999523,
                                    "count": 62174,
                                    "self": 3.7099835000108925,
                                    "children": {
                                        "TorchPolicy.evaluate": {
                                            "total": 91.90541199998434,
                                            "count": 62174,
                                            "self": 91.90541199998434
                                        }
                                    }
                                },
                                "workers": {
                                    "total": 0.8643492000084674,
                                    "count": 62173,
                                    "self": 0.0,
                                    "children": {
                                        "worker_root": {
                                            "total": 670.1118904000004,
                                            "count": 62173,
                                            "is_parallel": true,
                                            "self": 274.252870000011,
                                            "children": {
                                                "steps_from_proto": {
                                                    "total": 0.00030510000000028015,
                                                    "count": 1,
                                                    "is_parallel": true,
                                                    "self": 0.00013299999999993872,