{
    "name": "root",
    "metadata": {
        "timer_format_version": "0.1.0",
        "start_time_seconds": "1718650377",
        "python_version": "3.9.19 (main, Mar 21 2024, 17:21:27) [MSC v.1916 64 bit (AMD64)]",
        "command_line_arguments": "C:\\Users\\woutd\\anaconda3\\envs\\vr-ml\\Scripts\\mlagents-learn config/MyAgent.yaml --run-id=43 --force --time-scale=1",
        "mlagents_version": "0.30.0",
        "mlagents_envs_version": "0.30.0",
        "communication_protocol_version": "1.5.0",
        "pytorch_version": "1.7.1+cu110",
        "numpy_version": "1.21.2",
        "end_time_seconds": "1718650411"
    },
    "total": 33.9988531,
    "count": 1,
    "self": 0.0052930000000017685,
    "children": {
        "run_training.setup": {
            "total": 0.08038970000000001,
            "count": 1,
            "self": 0.08038970000000001
        },
        "TrainerController.start_learning": {
            "total": 33.9131704,
            "count": 1,
            "self": 0.010064899999917998,
            "children": {
                "TrainerController._reset_env": {
                    "total": 11.0556072,
                    "count": 1,
                    "self": 11.0556072
                },
                "TrainerController.advance": {
                    "total": 22.755150100000076,
                    "count": 302,
                    "self": 0.00883430000011387,
                    "children": {
                        "env_step": {
                            "total": 22.40037320000001,
                            "count": 302,
                            "self": 21.9869727,
                            "children": {
                                "SubprocessEnvManager._take_step": {
                                    "total": 0.4079181000000016,
                                    "count": 302,
                                    "self": 0.03600460000001071,
                                    "children": {
                                        "TorchPolicy.evaluate": {
                                            "total": 0.3719134999999909,
                                            "count": 302,
                                            "self": 0.3719134999999909
                                        }
                                    }
                                },
                                "workers": {
                                    "total": 0.0054824000000106565,
                                    "count": 301,
                                    "self": 0.0,
                                    "children": {
                                        "worker_root": {
                                            "total": 20.928351100000036,
                                            "count": 301,
                                            "is_parallel": true,
                                            "self": 1.2645565000000403,
                                            "children": {
                                                "steps_from_proto": {
                                                    "total": 0.000449899999999559,
                                                    "count": 1,
                                                    "is_parallel": true,
                                                    "self": 9.100000000294983e-05,
                                                    "children": {
                                                        "_process_rank_one_or_two_observation": {
                                                            "total": 0.00035889999999660915,
                                                            "count": 4,
                                                            "is_parallel": true,
                                                            "self": 0.00035889999999660915
                                                        }
                                                    }
                                                },
                                                "UnityEnvironment.step": {
                                                    "total": 19.663344699999996,
                                                    "count": 301,
                                                    "is_parallel": true,
                                                    "self": 0.041284799999971256,
                                                    "children": {
                                                        "UnityEnvironment._generate_step_input": {
                                                            "total": 0.040706000000026776,
                                                            "count": 301,
                                                            "is_parallel": true,
                                                            "self": 0.040706000000026776
                                                        },
                                                        "communicator.exchange": {
                                                            "total": 19.466316499999955,
                                                            "count": 301,
                                                            "is_parallel": true,
                                                            "self": 19.466316499999955
                                                        },
                                                        "steps_from_proto": {
                                                            "total": 0.11503740000004115,
                                                            "count": 301,
                                                            "is_parallel": true,
                                                            "self": 0.042031800000028596,
                                                            "children": {
                                                                "_process_rank_one_or_two_observation": {
                                                                    "total": 0.07300560000001255,
                                                                    "count": 1204,
                                                                    "is_parallel": true,
                                                                    "self": 0.07300560000001255
                                                                }
                                                            }
                                                        }
                                                    }
                                                }
                                            }
                                        }
                                    }
                                }
                            }
                        },
                        "trainer_advance": {
                            "total": 0.34594259999995103,
                            "count": 301,
                            "self": 0.010905800000003296,
                            "children": {
                                "process_trajectory": {
                                    "total": 0.025664299999949236,
                                    "count": 301,
                                    "self": 0.025664299999949236
                                },
                                "_update_policy": {
                                    "total": 0.3093724999999985,
                                    "count": 2,
                                    "self": 0.04653720000001016,
                                    "children": {
                                        "TorchPPOOptimizer.update": {
                                            "total": 0.26283529999998834,
                                            "count": 72,