{
    "name": "root",
    "gauges": {
        "MyAgent.Policy.Entropy.mean": {
            "value": 1.371978759765625,
            "min": 1.371978759765625,
            "max": 1.4199575185775757,
            "count": 15
        },
        "MyAgent.Policy.Entropy.sum": {
            "value": 2743.95751953125,
            "min": 2743.95751953125,
            "max": 2839.9150390625,
            "count": 15
        },
        "MyAgent.Step.mean": {
            "value": 29984.0,
            "min": 1984.0,
            "max": 29984.0,
            "count": 15
        },
        "MyAgent.Step.sum": {
            "value": 29984.0,
            "min": 1984.0,
            "max": 29984.0,
            "count": 15
        },
        "MyAgent.Policy.ExtrinsicValueEstimate.mean": {
            "value": -0.5409562587738037,
            "min": -0.5648038387298584,
            "max": -0.4848347306251526,
            "count": 15
        },
        "MyAgent.Policy.ExtrinsicValueEstimate.sum": {
            "value": -17.31060028076172,
            "min": -18.071346282958984,
            "max": -15.514711380004883,
            "count": 15
        },
        "MyAgent.Losses.PolicyLoss.mean": {
            "value": 0.23712499168603263,
            "min": 0.23481888503708417,
            "max": 0.2610549087513853,
            "count": 15
        },
        "MyAgent.Losses.PolicyLoss.sum": {
            "value": 3.5568748752904895,
            "min": 3.5222832755562625,
            "max": 4.176878540022165,
            "count": 15
        },
        "MyAgent.Losses.ValueLoss.mean": {
            "value": 8.316708180565776e-05,
            "min": 7.433413155484944e-06,
            "max": 0.0011731096550092754,
            "count": 15
        },
        "MyAgent.Losses.ValueLoss.sum": {
            "value": 0.0012475062270848663,
            "min": 0.00011893461048775911,
            "max": 0.018769754480148407,
            "count": 15
        },
        "MyAgent.Policy.LearningRate.mean": {
            "value": 0.00021292802902399998,
            "min": 0.00021292802902399998,
            "max": 0.00029692800102399996,
            "count": 15
        },
        "MyAgent.Policy.LearningRate.sum": {
            "value": 0.0031939204353599996,
            "min": 0.0031939204353599996,
            "max": 0.0046548480483839996,
            "count": 15
        },
        "MyAgent.Policy.Epsilon.mean": {
            "value": 0.17097600000000002,
            "min": 0.17097600000000002,
            "max": 0.19897600000000001,
            "count": 15
        },
        "MyAgent.Policy.Epsilon.sum": {
            "value": 2.5646400000000003,
            "min": 2.5646400000000003,
            "max": 3.151616,
            "count": 15
        },
        "MyAgent.Policy.Beta.mean": {
            "value": 0.0005000000000000002,
            "min": 0.0005,
            "max": 0.0005000000000000002,
            "count": 15
        },
        "MyAgent.Policy.Beta.sum": {
            "value": 0.007500000000000003,
            "min": 0.007500000000000003,
            "max": 0.008,
            "count": 15
        },
        "MyAgent.Environment.EpisodeLength.mean": {
            "value": 1999.0,
            "min": 1999.0,
            "max": 1999.0,
            "count": 15
        },
        "MyAgent.Environment.EpisodeLength.sum": {
            "value": 1999.0,
            "min": 1999.0,
            "max": 1999.0,
            "count": 15
        },
        "MyAgent.IsTraining.mean": {
            "value": 1.0,
            "min": 1.0,
            "max": 1.0,
            "count": 15
        },
        "MyAgent.IsTraining.sum": {
            "value": 1.0,
            "min": 1.0,
            "max": 1.0,
            "count": 15
        },
        "MyAgent.Environment.CumulativeReward.mean": {
            "value": -9.999998852610588,
            "min": -9.999998852610588,
            "max": -9.999998852610588,
            "count": 14
        },
        "MyAgent.Environment.CumulativeReward.sum": {
            "value": -9.999998852610588,
            "min": -9.999998852610588,
            "max": -9.999998852610588,
            "count": 14
        },
        "MyAgent.Policy.ExtrinsicReward.mean": {
            "value": -9.999998852610588,
            "min": -9.999998852610588,
            "max": -9.999998852610588,
            "count": 14
        },
        "MyAgent.Policy.ExtrinsicReward.sum": {
            "value": -9.999998852610588,
            "min": -9.999998852610588,
            "max": -9.999998852610588,
            "count": 14
        }
    },
    "metadata": {
        "timer_format_version": "0.1.0",
        "start_time_seconds": "1718644091",
        "python_version": "3.9.19 (main, Mar 21 2024, 17:21:27) [MSC v.1916 64 bit (AMD64)]",
        "command_line_arguments": "C:\\Users\\woutd\\anaconda3\\envs\\vr-ml\\Scripts\\mlagents-learn config/MyAgent.yaml --run-id=43 --force",
        "mlagents_version": "0.30.0",
        "mlagents_envs_version": "0.30.0",
        "communication_protocol_version": "1.5.0",
        "pytorch_version": "1.7.1+cu110",
        "numpy_version": "1.21.2",
        "end_time_seconds": "1718644609"
    },
    "total": 517.3824273,
    "count": 1,
    "self": 0.009318100000086815,
    "children": {
        "run_training.setup": {
            "total": 0.0834064000000001,
            "count": 1,
            "self": 0.0834064000000001
        },
        "TrainerController.start_learning": {
            "total": 517.2897028,
            "count": 1,
            "self": 0.9070837999977357,
            "children": {
                "TrainerController._reset_env": {
                    "total": 5.315598,
                    "count": 1,
                    "self": 5.315598
                },
                "TrainerController.advance": {
                    "total": 510.97611550000227,
                    "count": 30861,
                    "self": 0.8206312000045273,
                    "children": {
                        "env_step": {
                            "total": 444.2648048999977,
                            "count": 30861,
                            "self": 405.84074189999666,
                            "children": {
                                "SubprocessEnvManager._take_step": {
                                    "total": 37.87096629999951,
                                    "count": 30861,
                                    "self": 2.9085341999985275,
                                    "children": {
                                        "TorchPolicy.evaluate": {
                                            "total": 34.96243210000098,
                                            "count": 30861,
                                            "self": 34.96243210000098
                                        }
                                    }
                                },
                                "workers": {
                                    "total": 0.5530967000015687,
                                    "count": 30860,
                                    "self": 0.0,
                                    "children": {
                                        "worker_root": {
                                            "total": 444.6703639000023,
                                            "count": 30860,
                                            "is_parallel": true,
                                            "self": 146.49458790000466,
                                            "children": {
                                                "steps_from_proto": {
                                                    "total": 0.0003108000000002775,
                                                    "count": 1,
                                                    "is_parallel": true,
                                                    "self": 9.90999999999076e-05,