{
    "name": "root",
    "metadata": {
        "timer_format_version": "0.1.0",
        "start_time_seconds": "1718648394",
        "python_version": "3.9.19 (main, Mar 21 2024, 17:21:27) [MSC v.1916 64 bit (AMD64)]",
        "command_line_arguments": "C:\\Users\\woutd\\anaconda3\\envs\\vr-ml\\Scripts\\mlagents-learn config/MyAgent.yaml --run-id=43 --force",
        "mlagents_version": "0.30.0",
        "mlagents_envs_version": "0.30.0",
        "communication_protocol_version": "1.5.0",
        "pytorch_version": "1.7.1+cu110",
        "numpy_version": "1.21.2",
        "end_time_seconds": "1718648429"
    },
    "total": 35.0618774,
    "count": 1,
    "self": 0.004839199999999266,
    "children": {
        "run_training.setup": {
            "total": 0.0893991999999999,
            "count": 1,
            "self": 0.0893991999999999
        },
        "TrainerController.start_learning": {
            "total": 34.967639,
            "count": 1,
            "self": 0.015903100000002723,
            "children": {
                "TrainerController._reset_env": {
                    "total": 5.4255856,
                    "count": 1,
                    "self": 5.4255856
                },
                "TrainerController.advance": {
                    "total": 29.461708099999992,
                    "count": 608,
                    "self": 0.014800099999987992,
                    "children": {
                        "env_step": {
                            "total": 28.65775219999999,
                            "count": 608,
                            "self": 28.01146409999999,
                            "children": {
                                "SubprocessEnvManager._take_step": {
                                    "total": 0.6369503999999981,
                                    "count": 608,
                                    "self": 0.05014859999997867,
                                    "children": {
                                        "TorchPolicy.evaluate": {
                                            "total": 0.5868018000000195,
                                            "count": 607,
                                            "self": 0.5868018000000195
                                        }
                                    }
                                },
                                "workers": {
                                    "total": 0.009337700000003224,
                                    "count": 607,
                                    "self": 0.0,
                                    "children": {
                                        "worker_root": {
                                            "total": 7.781401399999982,
                                            "count": 607,
                                            "is_parallel": true,
                                            "self": 2.177110399999992,
                                            "children": {
                                                "steps_from_proto": {
                                                    "total": 0.0002770000000005268,
                                                    "count": 1,
                                                    "is_parallel": true,
                                                    "self": 7.75000000023951e-05,
                                                    "children": {
                                                        "_process_rank_one_or_two_observation": {
                                                            "total": 0.00019949999999813173,
                                                            "count": 4,
                                                            "is_parallel": true,
                                                            "self": 0.00019949999999813173
                                                        }
                                                    }
                                                },
                                                "UnityEnvironment.step": {
                                                    "total": 5.60401399999999,
                                                    "count": 607,
                                                    "is_parallel": true,
                                                    "self": 0.06453959999997672,
                                                    "children": {
                                                        "UnityEnvironment._generate_step_input": {
                                                            "total": 0.05161589999999894,
                                                            "count": 607,
                                                            "is_parallel": true,
                                                            "self": 0.05161589999999894
                                                        },
                                                        "communicator.exchange": {
                                                            "total": 5.2963494999999945,
                                                            "count": 607,
                                                            "is_parallel": true,
                                                            "self": 5.2963494999999945
                                                        },
                                                        "steps_from_proto": {
                                                            "total": 0.19150900000001947,
                                                            "count": 607,
                                                            "is_parallel": true,
                                                            "self": 0.06903800000005234,
                                                            "children": {
                                                                "_process_rank_one_or_two_observation": {
                                                                    "total": 0.12247099999996713,
                                                                    "count": 2428,
                                                                    "is_parallel": true,
                                                                    "self": 0.12247099999996713
                                                                }
                                                            }
                                                        }
                                                    }
                                                }
                                            }
                                        }
                                    }
                                }
                            }
                        },
                        "trainer_advance": {
                            "total": 0.7891558000000147,
                            "count": 607,
                            "self": 0.01778309999999994,
                            "children": {
                                "process_trajectory": {
                                    "total": 0.048959400000017084,
                                    "count": 607,
                                    "self": 0.048959400000017084
                                },
                                "_update_policy": {
                                    "total": 0.7224132999999977,
                                    "count": 4,
                                    "self": 0.10142909999999716,
                                    "children": {
                                        "TorchPPOOptimizer.update": {
                                            "total": 0.6209842000000005,
                                            "count": 144,