{
    "name": "root",
    "gauges": {
        "MyAgent.Policy.Entropy.mean": {
            "value": 1.4096101522445679,
            "min": 1.3999465703964233,
            "max": 1.4213308095932007,
            "count": 75
        },
        "MyAgent.Policy.Entropy.sum": {
            "value": 2819.22021484375,
            "min": 2672.84228515625,
            "max": 3003.892578125,
            "count": 75
        },
        "MyAgent.Step.mean": {
            "value": 149999.0,
            "min": 1989.0,
            "max": 149999.0,
            "count": 75
        },
        "MyAgent.Step.sum": {
            "value": 149999.0,
            "min": 1989.0,
            "max": 149999.0,
            "count": 75
        },
        "MyAgent.Policy.ExtrinsicValueEstimate.mean": {
            "value": -0.49251654744148254,
            "min": -1.4225728511810303,
            "max": 0.4748576879501343,
            "count": 75
        },
        "MyAgent.Policy.ExtrinsicValueEstimate.sum": {
            "value": -7.880264759063721,
            "min": -22.761165618896484,
            "max": 7.597723007202148,
            "count": 75
        },
        "MyAgent.Policy.CuriosityValueEstimate.mean": {
            "value": 0.33834540843963623,
            "min": 0.33834540843963623,
            "max": 19.323261260986328,
            "count": 75
        },
        "MyAgent.Policy.CuriosityValueEstimate.sum": {
            "value": 5.41352653503418,
            "min": 5.41352653503418,
            "max": 309.17218017578125,
            "count": 75
        },
        "MyAgent.Environment.EpisodeLength.mean": {
            "value": 1999.0,
            "min": 964.0,
            "max": 1999.0,
            "count": 75
        },
        "MyAgent.Environment.EpisodeLength.sum": {
            "value": 1999.0,
            "min": 964.0,
            "max": 2280.0,
            "count": 75
        },
        "MyAgent.Environment.CumulativeReward.mean": {
            "value": -9.999999731779099,
            "min": -9.999999731779099,
            "max": -3.8199998140335083,
            "count": 75
        },
        "MyAgent.Environment.CumulativeReward.sum": {
            "value": -9.999999731779099,
            "min": -10.404999703168869,
            "max": -3.8199998140335083,
            "count": 75
        },
        "MyAgent.Policy.ExtrinsicReward.mean": {
            "value": -9.999999731779099,
            "min": -9.999999731779099,
            "max": -3.8199998140335083,
            "count": 75
        },
        "MyAgent.Policy.ExtrinsicReward.sum": {
            "value": -9.999999731779099,
            "min": -10.404999703168869,
            "max": -3.8199998140335083,
            "count": 75
        },
        "MyAgent.Policy.CuriosityReward.mean": {
            "value": 3.0514948815107346,
            "min": 0.0,
            "max": 1908.5295580625534,
            "count": 75
        },
        "MyAgent.Policy.CuriosityReward.sum": {
            "value": 3.0514948815107346,
            "min": 0.0,
            "max": 1908.5295580625534,
            "count": 75
        },
        "MyAgent.IsTraining.mean": {
            "value": 1.0,
            "min": 1.0,
            "max": 1.0,
            "count": 75
        },
        "MyAgent.IsTraining.sum": {
            "value": 1.0,
            "min": 1.0,
            "max": 1.0,
            "count": 75
        },
        "MyAgent.Losses.PolicyLoss.mean": {
            "value": 0.07325754807485889,
            "min": 0.05296795718216648,
            "max": 0.08314872009214014,
            "count": 70
        },
        "MyAgent.Losses.PolicyLoss.sum": {
            "value": 0.07325754807485889,
            "min": 0.05296795718216648,
            "max": 0.08314872009214014,
            "count": 70
        },
        "MyAgent.Losses.ValueLoss.mean": {
            "value": 0.001682132944551995,
            "min": 0.0014890787424519658,
            "max": 12.212983111540476,
            "count": 70
        },
        "MyAgent.Losses.ValueLoss.sum": {
            "value": 0.001682132944551995,
            "min": 0.0014890787424519658,
            "max": 12.212983111540476,
            "count": 70
        },
        "MyAgent.Policy.LearningRate.mean": {
            "value": 2.5620991459999975e-06,
            "min": 2.5620991459999975e-06,
            "max": 0.00029576600141133333,
            "count": 70
        },
        "MyAgent.Policy.LearningRate.sum": {
            "value": 2.5620991459999975e-06,
            "min": 2.5620991459999975e-06,
            "max": 0.00029576600141133333,
            "count": 70
        },
        "MyAgent.Policy.Epsilon.mean": {
            "value": 0.100854,
            "min": 0.100854,
            "max": 0.19858866666666672,
            "count": 70
        },
        "MyAgent.Policy.Epsilon.sum": {
            "value": 0.100854,
            "min": 0.100854,
            "max": 0.19858866666666672,
            "count": 70
        },
        "MyAgent.Policy.Beta.mean": {
            "value": 9.531459999999992e-05,
            "min": 9.531459999999992e-05,
            "max": 0.0098590078,
            "count": 70
        },
        "MyAgent.Policy.Beta.sum": {
            "value": 9.531459999999992e-05,
            "min": 9.531459999999992e-05,
            "max": 0.0098590078,
            "count": 70
        },
        "MyAgent.Losses.CuriosityForwardLoss.mean": {
            "value": 0.07347270318617423,
            "min": 0.06805693691906829,
            "max": 66.5140726317962,
            "count": 70
        },
        "MyAgent.Losses.CuriosityForwardLoss.sum": {
            "value": 0.07347270318617423,
            "min": 0.06805693691906829,
            "max": 66.5140726317962,
            "count": 70
        },
        "MyAgent.Losses.CuriosityInverseLoss.mean": {
            "value": 1.1321879563232262,
            "min": 1.1321879563232262,
            "max": 2.263630131880442,
            "count": 70
        },
        "MyAgent.Losses.CuriosityInverseLoss.sum": {
            "value": 1.1321879563232262,
            "min": 1.1321879563232262,
            "max": 2.263630131880442,
            "count": 70
        }
    },
    "metadata": {
        "timer_format_version": "0.1.0",
        "start_time_seconds": "1716801644",
        "python_version": "3.9.18 (main, Sep 11 2023, 14:09:26) [MSC v.1916 64 bit (AMD64)]",
        "command_line_arguments": "C:\\ProgramData\\anaconda3\\envs\\MachineLearning\\Scripts\\mlagents-learn config/MyAgent.yaml --run-id=ArnoTraining10",
        "mlagents_version": "0.30.0",
        "mlagents_envs_version": "0.30.0",
        "communication_protocol_version": "1.5.0",
        "pytorch_version": "1.7.1+cu110",
        "numpy_version": "1.21.2",
        "end_time_seconds": "1716802910"
    },
    "total": 1265.8817997,
    "count": 1,
    "self": 0.011147200000095836,
    "children": {
        "run_training.setup": {
            "total": 0.09679900000000008,
            "count": 1,
            "self": 0.09679900000000008
        },
        "TrainerController.start_learning": {
            "total": 1265.7738535,
            "count": 1,
            "self": 3.117222499987747,
            "children": {
                "TrainerController._reset_env": {
                    "total": 10.4454604,
                    "count": 1,
                    "self": 10.4454604
                },
                "TrainerController.advance": {
                    "total": 1252.1049078000121,
                    "count": 150127,
                    "self": 2.81241390005016,
                    "children": {
                        "env_step": {
                            "total": 1145.3378907999584,
                            "count": 150127,
                            "self": 870.0855310999264,
                            "children": {
                                "SubprocessEnvManager._take_step": {
                                    "total": 273.35150340002383,